{
  "BaseTheme": [
    {
      "Class_ID": "1",
      "BaseImage": "https://i.pinimg.com/originals/92/42/05/924205ea89862667d9de018b820019fd.jpg",
      "Transpent_Color": "#9fff",
      "Base_color_one": "#E13337",
      "base_color_two": "#BB3437"
    }
//    {
//      "Class_ID": "2",
//      "BaseImage": "https://img.wallpapersafari.com/phone/640/1136/93/18/voK1Pi.jpg",
//      "Transpent_Color": "#9fff",
//      "Base_color_one": "#FF008E9A",
//      "base_color_two": "#FF01648E"
//    },
//    {
//      "Class_ID": "3",
//      "BaseImage": "https://cdn.wallpapersafari.com/63/78/u23s9X.jpeg",
//      "Transpent_Color": "#9fff",
//      "Base_color_one": "#b655a3",
//      "base_color_two": "#8964cd"
//    }
  ]
}